{"data/pos/109-231-0-1.sto": 61.112463, 
"data/pos/109-2389-0-1.sto": 118.465153, 
"data/pos/109-250-0-1.sto": 962.954366, 
"data/pos/109-3128-0-1.sto": 135.271259, 
"data/pos/109-3140-0-1.sto": 115.946873, 
"data/pos/109-5245-0-1.sto": 937.208372, 
"data/pos/109-5380-0-1.sto": 493.411733, 
"data/pos/118-1721-0-1.sto": 206.613486, 
"data/pos/120-1317-0-1.sto": 365.926250, 
"data/pos/123-1403-0-0.sto": 130.606687, 
"data/pos/123-2122-0-0.sto": 130.068002, 
"data/pos/130-1591-0-1.sto": 194.677086, 
"data/pos/130-1711-0-1.sto": 99.820600, 
"data/pos/130-1732-0-1.sto": 91.980673, 
"data/pos/130-275-0-1.sto": 108.654131, 
"data/pos/133-426-0-0.sto": 76.829992, 
"data/pos/183-282-0-1.sto": 303.282574, 
"data/pos/186-1022-0-1.sto": 163.147087, 
"data/pos/186-7322-0-1.sto": 463.271847, 
"data/pos/191-2695-3-1.sto": 179.669470, 
"data/pos/191-3790-2-1.sto": 191.826783, 
"data/pos/218-126-0-0.sto": 157.148228, 
"data/pos/219-12054-0-0.sto": 263.832314, 
"data/pos/219-13343-0-0.sto": 516.531612, 
"data/pos/219-14474-0-1.sto": 198.719949, 
"data/pos/219-16224-1-1.sto": 164.694400, 
"data/pos/219-5048-0-1.sto": 212.397685, 
"data/pos/224-27108-0-0.sto": 194.689196, 
"data/pos/224-27716-0-0.sto": 216.017378, 
"data/pos/224-52031-0-0.sto": 208.999696, 
"data/pos/224-99058-0-0.sto": 426.767479, 
"data/pos/230-11492-0-0.sto": 278.113349, 
"data/pos/230-118-0-0.sto": 837.760712, 
"data/pos/230-13010-0-0.sto": 119.454569, 
"data/pos/230-17146-0-0.sto": 449.686733, 
"data/pos/230-17563-0-0.sto": 641.868674, 
"data/pos/230-4204-0-0.sto": 705.694561, 
"data/pos/232-14440-0-1.sto": 223.513181, 
"data/pos/232-20863-0-0.sto": 119.823026, 
"data/pos/232-5943-0-1.sto": 242.491395, 
"data/pos/236-14186-0-0.sto": 178.032737, 
"data/pos/236-21252-0-0.sto": 665.628816, 
"data/pos/236-29059-0-0.sto": 296.542272, 
"data/pos/236-34048-0-0.sto": 617.792120, 
"data/pos/236-35015-0-0.sto": 780.732418, 
"data/pos/236-37257-0-0.sto": 740.502981, 
"data/pos/240-12480-0-1.sto": 123.740992, 
"data/pos/240-23197-0-1.sto": 361.905286, 
"data/pos/249-11326-0-0.sto": 416.430933, 
"data/pos/262-10758-0-1.sto": 217.405309, 
"data/pos/262-4923-0-1.sto": 473.142197, 
"data/pos/265-2242-0-1.sto": 229.379865, 
"data/pos/265-3406-0-1.sto": 393.563778, 
"data/pos/270-1752-0-0.sto": 153.027547, 
"data/pos/273-13096-0-1.sto": 817.525002, 
"data/pos/285-12986-0-0.sto": 176.907739, 
"data/pos/285-5745-0-1.sto": 284.308249, 
"data/pos/290-467-0-1.sto": 201.807620, 
"data/pos/380-8164-0-0.sto": 744.226477, 
"data/pos/393-103-0-1.sto": 479.573034, 
"data/pos/401-27181-1-1.sto": 290.606978, 
"data/pos/401-598-0-1.sto": 215.806742, 
"data/pos/403-869-0-1.sto": 57.271610, 
"data/pos/418-1166-0-1.sto": 94.073820, 
"data/pos/418-510-0-1.sto": 94.291194, 
"data/pos/422-370-0-1.sto": 133.357739, 
"data/pos/422-874-0-0.sto": 121.251975, 
"data/pos/424-3009-0-0.sto": 134.394661, 
"data/pos/424-324-0-1.sto": 316.514643, 
"data/pos/447-1850-0-0.sto": 160.250065, 
"data/pos/449-2185-0-1.sto": 123.640583, 
"data/pos/453-1375-1-1.sto": 146.982434, 
"data/pos/460-14760-0-0.sto": 58.791525, 
"data/pos/471-10150-0-0.sto": 69.730673, 
"data/pos/471-2625-0-0.sto": 160.716748, 
"data/pos/471-4893-0-0.sto": 66.810421, 
"data/pos/471-6779-0-0.sto": 166.087802, 
"data/pos/477-10112-0-0.sto": 124.150128, 
"data/pos/477-13370-1-0.sto": 166.043896, 
"data/pos/477-14726-0-0.sto": 114.424291, 
"data/pos/477-18499-0-0.sto": 173.919598, 
"data/pos/477-19907-0-1.sto": 286.924593, 
"data/pos/479-22242-0-0.sto": 280.884514, 
"data/pos/484-10247-0-0.sto": 68.441692, 
"data/pos/484-12386-0-0.sto": 208.005452, 
"data/pos/484-12552-0-1.sto": 376.267694, 
"data/pos/484-20626-0-0.sto": 130.795300, 
"data/pos/484-24605-0-0.sto": 301.137862, 
"data/pos/484-33323-0-0.sto": 71.926541, 
"data/pos/484-38818-0-0.sto": 276.418693, 
"data/pos/484-4230-0-0.sto": 212.486890, 
"data/pos/484-45727-0-0.sto": 122.547970, 
"data/pos/484-47715-0-0.sto": 132.577472, 
"data/pos/484-55513-0-0.sto": 97.661202, 
"data/pos/493-532-0-1.sto": 85.558605, 
"data/pos/499-5083-0-0.sto": 141.474895, 
"data/pos/509-13533-0-0.sto": 115.680543, 
"data/pos/512-33738-0-0.sto": 222.761081, 
"data/pos/550-1011619-0-0.sto": 772.038020, 
"data/pos/550-1051643-0-0.sto": 187.651029, 
"data/pos/550-1072101-0-0.sto": 941.822963, 
"data/pos/550-1072607-0-0.sto": 135.607115, 
"data/pos/550-1086258-0-0.sto": 167.502219, 
"data/pos/550-1110801-0-0.sto": 292.797971, 
"data/pos/550-1137621-0-0.sto": 167.839861, 
"data/pos/550-1208796-0-0.sto": 158.497979, 
"data/pos/550-1252270-0-0.sto": 163.611449, 
"data/pos/550-1260932-0-0.sto": 261.007768, 
"data/pos/550-1266924-0-0.sto": 163.677316, 
"data/pos/550-1269250-0-0.sto": 204.096803, 
"data/pos/550-1335010-1-0.sto": 450.410591, 
"data/pos/550-1494086-0-0.sto": 675.557738, 
"data/pos/550-1542797-0-0.sto": 892.899671, 
"data/pos/550-1579191-0-0.sto": 678.410830, 
"data/pos/550-1582683-0-0.sto": 408.217185, 
"data/pos/550-1702041-0-0.sto": 196.948165, 
"data/pos/550-170205-0-0.sto": 1843.289779, 
"data/pos/550-1716564-0-0.sto": 140.598650, 
"data/pos/550-1726741-0-0.sto": 745.229880, 
"data/pos/550-1735302-0-0.sto": 203.554171, 
"data/pos/550-1857199-0-0.sto": 419.375548, 
"data/pos/550-1868802-0-0.sto": 191.039780, 
"data/pos/550-18919-0-0.sto": 143.692544, 
"data/pos/550-2070297-0-0.sto": 115.999038, 
"data/pos/550-2176583-0-0.sto": 115.847373, 
"data/pos/550-2223301-0-0.sto": 139.478815, 
"data/pos/550-2262065-0-0.sto": 370.596297, 
"data/pos/550-2372508-0-0.sto": 126.332902, 
"data/pos/550-239828-0-0.sto": 524.183260, 
"data/pos/550-241533-0-0.sto": 535.119500, 
"data/pos/550-241751-0-0.sto": 1643.546006, 
"data/pos/550-2479801-0-0.sto": 137.408123, 
"data/pos/550-2488200-0-0.sto": 444.156901, 
"data/pos/550-2488806-0-0.sto": 132.653122, 
"data/pos/550-253877-0-0.sto": 773.788025, 
"data/pos/550-302510-0-0.sto": 1252.128099, 
"data/pos/550-3062-0-0.sto": 335.146391, 
"data/pos/550-309129-0-0.sto": 130.581443, 
"data/pos/550-317573-0-0.sto": 433.203863, 
"data/pos/550-327104-0-0.sto": 797.426748, 
"data/pos/550-349379-0-0.sto": 142.671612, 
"data/pos/550-372051-0-0.sto": 1085.436272, 
"data/pos/550-388011-0-0.sto": 1330.099827, 
"data/pos/550-39307-0-0.sto": 533.526531, 
"data/pos/550-43803-0-0.sto": 407.695223, 
"data/pos/550-484445-0-0.sto": 413.743283, 
"data/pos/550-49375-0-0.sto": 1621.358073, 
"data/pos/550-542450-0-0.sto": 392.249302, 
"data/pos/550-66090-0-0.sto": 310.481178, 
"data/pos/550-69075-0-0.sto": 170.499097, 
"data/pos/550-71243-0-0.sto": 557.545870, 
"data/pos/550-719657-1-0.sto": 184.632510, 
"data/pos/550-727850-0-0.sto": 1158.534148, 
"data/pos/550-799095-0-0.sto": 229.839694, 
"data/pos/550-832181-0-0.sto": 360.753034, 
"data/pos/550-83267-0-0.sto": 1212.933040, 
"data/pos/550-92084-0-0.sto": 820.958634, 
"data/pos/550-946496-0-0.sto": 191.596985, 
"data/pos/550-96166-0-0.sto": 354.198019, 
"data/pos/550-971400-0-0.sto": 448.761700, 
"data/pos/550-974681-0-0.sto": 498.068915, 
"data/pos/550-995040-0-0.sto": 548.374261, 
"data/pos/550-997191-0-0.sto": 251.597567, 
"data/pos/568-1441-0-0.sto": 229.095950, 
"data/pos/568-2334-0-0.sto": 158.000856, 
"data/pos/568-2597-0-0.sto": 270.799554, 
"data/pos/568-2651-0-0.sto": 143.912992, 
"data/pos/568-2958-0-0.sto": 161.748734, 
"data/pos/568-3134-0-0.sto": 73.501235, 
"data/pos/568-3603-0-0.sto": 727.985965, 
"data/pos/568-3691-0-0.sto": 467.379273, 
"data/pos/568-3791-1-0.sto": 309.456653, 
"data/pos/568-4072-0-0.sto": 195.637086, 
"data/pos/568-4162-0-0.sto": 128.323129, 
"data/pos/568-4304-0-0.sto": 369.893083, 
"data/pos/568-509-0-0.sto": 103.792516, 
"data/pos/568-617-0-0.sto": 136.386501, 
"data/pos/568-734-1-0.sto": 189.115708, 
"data/pos/568-869-0-0.sto": 147.467754, 
"data/pos/62-1114-0-0.sto": 155.666616, 
"data/pos/62-330-0-1.sto": 62.150303, 
"data/pos/62-621-0-1.sto": 141.893857, 
"data/pos/62-850-0-1.sto": 162.675067, 
"data/pos/623-398-0-0.sto": 247.963057, 
"data/pos/624-10892-0-0.sto": 383.481902, 
"data/pos/654-10075-0-0.sto": 85.981197,